sales_id,date,employee_number,quantity,unit_price,category,subcategory_short
S_1001,27-01-2022,48,3,33.5,Red,Light
S_1002,24-09-2023,26,8,9.5,Red,Light
S_1003,13-04-2025,22,2,9.5,Pink,Light
S_1004,14-07-2021,26,7,33.5,Yellow,Light
S_1005,08-08-2025,16,2,25.5,Red,Medium
S_1006,25-07-2023,25,6,17.5,Orange,Medium
S_1007,29-11-2024,37,4,9.5,Orange,Light
S_1008,05-08-2023,0,7,33.5,Pink,Dark
S_1009,12-02-2021,2,4,17.5,Green,Medium
S_1010,05-07-2020,27,8,41.5,Voilet,Dark
S_1011,11-10-2020,20,7,17.5,Blue,Medium
S_1012,30-12-2022,28,7,33.5,Voilet,Dark
S_1013,11-02-2021,35,1,17.5,Red,Medium
S_1014,14-03-2020,9,6,9.5,Red,Dark
S_1015,29-02-2024,11,6,41.5,Voilet,Medium
S_1016,13-04-2025,5,2,33.5,Blue,Dark
S_1017,25-08-2025,32,2,17.5,Red,Dark
S_1018,29-03-2022,22,6,9.5,Yellow,Dark
S_1019,18-10-2022,14,1,25.5,Orange,Dark
S_1020,22-08-2025,29,8,9.5,Yellow,Light
S_1021,10-09-2023,25,6,41.5,Green,Medium
S_1022,22-09-2022,31,8,25.5,Voilet,Light
S_1023,02-01-2021,0,7,33.5,Blue,Medium
S_1024,08-11-2021,34,4,17.5,Yellow,Dark
S_1025,01-01-2021,38,3,9.5,Red,Dark
S_1026,25-12-2025,18,8,33.5,Orange,Dark
S_1027,17-09-2020,25,6,17.5,Blue,Light
S_1028,21-11-2020,40,4,9.5,Yellow,Light
S_1029,03-09-2024,12,2,17.5,Yellow,Medium
S_1030,01-07-2025,31,5,25.5,Red,Dark
S_1031,07-01-2024,44,7,41.5,Yellow,Medium
S_1032,15-08-2024,21,4,25.5,Pink,Light
S_1033,01-06-2023,30,7,33.5,Pink,Dark
S_1034,30-07-2020,9,4,41.5,Blue,Light
S_1035,09-10-2025,10,1,9.5,Pink,Dark
S_1036,14-07-2022,43,3,9.5,Orange,Dark
S_1037,12-08-2025,25,8,17.5,Red,Dark
S_1038,03-12-2021,31,1,17.5,Yellow,Dark
S_1039,28-03-2020,25,1,9.5,Orange,Medium
S_1040,12-01-2021,18,1,17.5,Pink,Medium
S_1041,04-01-2022,32,5,33.5,Red,Medium
S_1042,18-09-2022,7,3,25.5,Blue,Dark
S_1043,30-10-2025,5,4,9.5,Pink,Medium
S_1044,02-07-2020,35,3,17.5,Red,Dark
S_1045,28-03-2023,21,7,17.5,Voilet,Medium
S_1046,13-04-2021,50,4,41.5,Red,Dark
S_1047,25-07-2022,24,5,17.5,Green,Light
S_1048,25-03-2023,9,1,41.5,Voilet,Light
S_1049,04-07-2022,40,4,17.5,Voilet,Medium
S_1050,20-05-2023,34,8,41.5,Blue,Light
S_1051,23-04-2021,37,8,9.5,Pink,Dark
S_1052,29-10-2020,45,3,9.5,Yellow,Medium
S_1053,13-01-2023,16,4,25.5,Voilet,Dark
S_1054,18-05-2023,27,7,25.5,Pink,Dark
S_1055,31-08-2021,38,7,33.5,Orange,Medium
S_1056,30-10-2023,19,5,33.5,Yellow,Light
S_1057,17-01-2025,7,6,17.5,Red,Medium
S_1058,29-11-2025,7,5,41.5,Yellow,Light
S_1059,19-04-2025,35,7,41.5,Pink,Light
S_1060,10-08-2020,16,8,9.5,Blue,Light
S_1061,22-09-2023,45,2,17.5,Green,Light
S_1062,23-01-2021,5,7,17.5,Blue,Medium
S_1063,28-07-2022,6,8,33.5,Yellow,Dark
S_1064,31-01-2020,50,1,25.5,Red,Light
S_1065,17-12-2021,30,2,25.5,Pink,Dark
S_1066,02-08-2023,21,2,33.5,Voilet,Dark
S_1067,24-09-2024,22,4,17.5,Orange,Light
S_1068,06-02-2021,27,3,41.5,Red,Dark
S_1069,04-08-2023,17,4,17.5,Red,Medium
S_1070,08-11-2023,42,7,17.5,Voilet,Light
S_1071,21-03-2021,1,8,33.5,Orange,Light
S_1072,22-04-2021,13,2,33.5,Pink,Light
S_1073,01-01-2020,38,1,41.5,Pink,Medium
S_1074,20-12-2020,48,1,9.5,Orange,Dark
S_1075,30-06-2024,1,4,25.5,Yellow,Light
S_1076,06-08-2025,30,3,25.5,Voilet,Medium
S_1077,05-08-2024,15,7,17.5,Voilet,Dark
S_1078,04-03-2025,10,2,9.5,Orange,Medium
S_1079,22-09-2022,38,5,9.5,Orange,Dark
S_1080,15-04-2024,12,3,41.5,Voilet,Dark
S_1081,09-09-2025,15,4,17.5,Pink,Medium
S_1082,20-03-2022,45,8,25.5,Orange,Light
S_1083,16-10-2020,7,6,9.5,Blue,Dark
S_1084,09-08-2024,45,2,25.5,Blue,Dark
S_1085,15-08-2023,49,1,33.5,Green,Dark
S_1086,08-04-2021,49,3,33.5,Yellow,Medium
S_1087,08-06-2022,27,7,17.5,Yellow,Medium
S_1088,31-08-2024,21,8,33.5,Orange,Medium
S_1089,07-11-2021,49,2,25.5,Orange,Medium
S_1090,23-01-2024,32,6,9.5,Voilet,Medium
S_1091,22-07-2025,6,6,25.5,Voilet,Dark
S_1092,19-11-2024,9,6,25.5,Red,Medium
S_1093,15-04-2024,34,2,17.5,Orange,Dark
S_1094,20-04-2022,27,4,41.5,Pink,Medium
S_1095,27-01-2025,12,1,9.5,Orange,Medium
S_1096,07-09-2025,44,1,25.5,Voilet,Dark
S_1097,10-06-2023,30,4,33.5,Red,Medium
S_1098,03-09-2022,37,7,25.5,Pink,Dark
S_1099,19-05-2021,44,3,33.5,Pink,Medium
S_1100,24-09-2023,44,2,9.5,Voilet,Medium
S_1101,03-01-2022,22,5,33.5,Pink,Medium
S_1102,25-12-2024,18,7,25.5,Blue,Medium
S_1103,19-01-2024,11,3,9.5,Pink,Dark
S_1104,17-03-2022,25,8,9.5,Green,Medium
S_1105,24-01-2020,4,3,41.5,Green,Dark
S_1106,07-10-2020,31,6,17.5,Orange,Dark
S_1107,04-10-2024,24,4,33.5,Yellow,Medium
S_1108,12-06-2024,35,6,17.5,Voilet,Medium
S_1109,12-01-2020,5,5,33.5,Green,Light
S_1110,05-10-2022,6,2,41.5,Voilet,Dark
S_1111,17-07-2020,34,8,41.5,Blue,Light
S_1112,09-11-2024,49,6,33.5,Green,Light
S_1113,02-11-2022,35,6,33.5,Red,Medium
S_1114,23-11-2022,0,2,17.5,Blue,Medium
S_1115,12-07-2022,47,2,17.5,Pink,Medium
S_1116,24-02-2024,42,8,41.5,Voilet,Light
S_1117,11-09-2023,1,4,17.5,Pink,Light
S_1118,15-04-2021,29,3,41.5,Voilet,Medium
S_1119,22-04-2025,41,5,9.5,Blue,Medium
S_1120,17-07-2025,33,3,41.5,Orange,Light
S_1121,13-08-2020,33,7,9.5,Orange,Light
S_1122,16-04-2021,41,8,33.5,Pink,Light
S_1123,15-12-2022,28,2,41.5,Blue,Light
S_1124,29-08-2020,49,8,41.5,Voilet,Medium
S_1125,20-11-2021,41,2,9.5,Pink,Light
S_1126,04-09-2025,0,8,25.5,Yellow,Medium
S_1127,24-07-2025,8,7,9.5,Voilet,Medium
S_1128,30-12-2020,16,7,25.5,Green,Dark
S_1129,01-11-2021,31,8,9.5,Yellow,Dark
S_1130,19-01-2023,18,2,41.5,Yellow,Dark
S_1131,26-10-2025,36,1,33.5,Orange,Dark
S_1132,30-07-2021,24,8,33.5,Pink,Dark
S_1133,18-06-2023,0,3,33.5,Blue,Dark
S_1134,01-05-2021,30,5,17.5,Orange,Light
S_1135,23-11-2025,44,5,41.5,Red,Medium
S_1136,08-11-2025,36,3,33.5,Green,Dark
S_1137,27-06-2023,34,8,41.5,Orange,Dark
S_1138,22-03-2022,11,4,25.5,Voilet,Light
S_1139,22-10-2023,49,6,33.5,Yellow,Dark
S_1140,18-05-2024,6,7,17.5,Green,Dark
S_1141,28-04-2023,17,4,25.5,Yellow,Light
S_1142,07-06-2025,9,2,9.5,Yellow,Light
S_1143,09-02-2021,14,8,25.5,Green,Medium
S_1144,30-10-2025,48,2,17.5,Voilet,Dark
S_1145,16-08-2022,24,4,41.5,Red,Dark
S_1146,15-09-2020,38,4,25.5,Orange,Dark
S_1147,08-07-2022,15,3,33.5,Voilet,Light
S_1148,09-10-2024,47,6,41.5,Pink,Light
S_1149,18-04-2021,27,2,17.5,Yellow,Medium
S_1150,16-05-2024,4,3,33.5,Green,Medium
S_1151,12-12-2022,3,4,33.5,Orange,Dark
S_1152,07-10-2022,39,6,41.5,Pink,Light
S_1153,30-01-2020,13,2,33.5,Red,Light
S_1154,22-02-2021,50,1,41.5,Pink,Light
S_1155,13-05-2020,39,5,9.5,Blue,Light
S_1156,08-10-2024,17,7,9.5,Voilet,Medium
S_1157,14-09-2024,23,5,41.5,Green,Dark
S_1158,21-02-2020,6,6,33.5,Voilet,Light
S_1159,09-08-2024,46,1,25.5,Voilet,Light
S_1160,07-12-2020,15,2,33.5,Pink,Dark
S_1161,05-10-2020,49,8,33.5,Red,Dark
S_1162,07-03-2021,24,8,25.5,Green,Dark
S_1163,14-10-2025,22,2,9.5,Red,Light
S_1164,06-05-2020,25,8,41.5,Orange,Light
S_1165,18-06-2023,27,2,9.5,Red,Dark
S_1166,27-05-2020,37,1,33.5,Yellow,Light
S_1167,01-07-2022,11,8,17.5,Orange,Light
S_1168,24-11-2024,24,6,33.5,Yellow,Light
S_1169,07-08-2021,48,2,25.5,Voilet,Light
S_1170,30-05-2020,16,5,41.5,Pink,Light
S_1171,06-03-2021,38,3,9.5,Orange,Medium
S_1172,02-06-2022,27,6,17.5,Orange,Medium
S_1173,10-07-2023,37,7,17.5,Yellow,Dark
S_1174,20-08-2020,25,7,9.5,Yellow,Medium
S_1175,08-01-2024,50,4,9.5,Green,Medium
S_1176,13-10-2020,31,8,9.5,Yellow,Medium
S_1177,06-09-2024,33,3,25.5,Orange,Dark
S_1178,30-01-2023,12,8,25.5,Pink,Dark
S_1179,04-11-2020,23,1,17.5,Yellow,Medium
S_1180,18-06-2020,33,1,41.5,Pink,Dark
S_1181,30-12-2024,2,6,25.5,Red,Medium
S_1182,04-08-2022,35,7,25.5,Red,Light
S_1183,09-08-2024,33,4,25.5,Voilet,Dark
S_1184,22-06-2021,27,7,25.5,Voilet,Light
S_1185,28-11-2024,47,7,25.5,Yellow,Medium
S_1186,16-03-2020,48,5,33.5,Pink,Dark
S_1187,24-06-2020,17,4,41.5,Voilet,Dark
S_1188,16-05-2021,12,7,9.5,Blue,Dark
S_1189,06-08-2021,33,8,25.5,Green,Light
S_1190,21-03-2024,50,7,33.5,Blue,Dark
S_1191,01-11-2025,31,3,41.5,Voilet,Dark
S_1192,27-12-2024,4,1,41.5,Pink,Dark
S_1193,22-04-2022,5,5,41.5,Yellow,Medium
S_1194,12-03-2023,32,1,33.5,Pink,Dark
S_1195,13-07-2022,38,5,9.5,Green,Dark
S_1196,18-06-2021,22,2,9.5,Green,Dark
S_1197,18-05-2023,45,1,41.5,Red,Dark
S_1198,08-07-2021,1,2,9.5,Blue,Medium
S_1199,06-05-2022,32,6,17.5,Red,Medium
S_1200,17-01-2023,41,8,41.5,Blue,Dark
S_1201,13-04-2022,40,3,41.5,Blue,Dark
S_1202,01-02-2022,1,2,17.5,Voilet,Light
S_1203,17-05-2024,14,6,33.5,Blue,Medium
S_1204,16-02-2020,36,6,17.5,Green,Light
S_1205,25-11-2023,5,3,9.5,Orange,Dark
S_1206,14-06-2023,28,2,25.5,Orange,Light
S_1207,05-08-2023,13,4,33.5,Orange,Light
S_1208,02-10-2022,17,6,17.5,Red,Medium
S_1209,30-09-2020,33,6,17.5,Voilet,Light
S_1210,14-04-2020,3,3,25.5,Red,Dark
S_1211,01-12-2021,2,3,25.5,Yellow,Medium
S_1212,19-09-2020,19,5,33.5,Green,Dark
S_1213,06-01-2024,37,7,9.5,Red,Light
S_1214,04-09-2023,22,2,41.5,Green,Medium
S_1215,29-06-2022,23,4,9.5,Green,Light
S_1216,01-06-2025,37,4,17.5,Voilet,Dark
S_1217,27-12-2021,49,2,9.5,Green,Light
S_1218,16-11-2024,29,3,25.5,Red,Dark
S_1219,19-02-2021,35,8,33.5,Orange,Dark
S_1220,01-05-2021,6,6,17.5,Green,Dark
S_1221,09-03-2025,12,6,33.5,Red,Medium
S_1222,02-02-2023,16,7,33.5,Blue,Medium
S_1223,22-09-2022,5,4,17.5,Blue,Dark
S_1224,18-05-2023,3,7,41.5,Voilet,Medium
S_1225,09-01-2021,47,3,33.5,Red,Dark
S_1226,30-07-2021,44,3,9.5,Pink,Dark
S_1227,16-07-2025,31,4,41.5,Green,Dark
S_1228,09-10-2022,27,5,9.5,Yellow,Dark
S_1229,21-05-2023,49,6,9.5,Voilet,Light
S_1230,09-12-2020,30,7,33.5,Red,Light
S_1231,04-02-2022,12,2,17.5,Red,Dark
S_1232,25-11-2022,25,3,33.5,Green,Medium
S_1233,17-03-2024,4,1,17.5,Yellow,Dark
S_1234,15-06-2022,48,6,17.5,Voilet,Dark
S_1235,12-03-2025,40,4,33.5,Red,Light
S_1236,25-05-2022,1,2,25.5,Voilet,Dark
S_1237,05-12-2022,34,3,9.5,Red,Light
S_1238,24-03-2021,12,1,9.5,Blue,Medium
S_1239,30-07-2021,43,8,17.5,Pink,Light
S_1240,18-08-2025,31,6,9.5,Red,Dark
S_1241,30-09-2022,16,1,17.5,Pink,Dark
S_1242,09-06-2021,11,5,41.5,Pink,Medium
S_1243,25-12-2023,10,7,25.5,Voilet,Dark
S_1244,01-11-2021,8,6,17.5,Yellow,Medium
S_1245,07-04-2023,44,1,17.5,Green,Medium
S_1246,12-12-2024,33,4,33.5,Yellow,Medium
S_1247,12-02-2023,4,7,17.5,Voilet,Dark
S_1248,11-05-2021,0,8,25.5,Yellow,Light
S_1249,27-01-2021,35,5,33.5,Red,Dark
S_1250,29-11-2025,40,5,17.5,Pink,Light
S_1251,19-06-2024,7,4,25.5,Blue,Medium
S_1252,19-12-2021,42,4,9.5,Orange,Dark
S_1253,11-02-2025,27,4,9.5,Voilet,Dark
S_1254,12-03-2023,25,5,9.5,Pink,Medium
S_1255,07-01-2021,38,8,41.5,Pink,Light
S_1256,09-01-2020,22,8,17.5,Green,Medium
S_1257,10-07-2023,39,4,25.5,Green,Dark
S_1258,28-01-2020,20,7,41.5,Green,Light
S_1259,29-03-2023,35,8,9.5,Orange,Medium
S_1260,18-10-2024,40,1,17.5,Red,Medium
S_1261,27-12-2021,40,2,9.5,Orange,Medium
S_1262,28-01-2022,0,4,9.5,Pink,Dark
S_1263,07-12-2021,9,8,41.5,Voilet,Light
S_1264,02-11-2020,40,5,33.5,Voilet,Dark
S_1265,31-03-2021,41,4,25.5,Orange,Dark
S_1266,29-03-2020,16,5,17.5,Voilet,Dark
S_1267,14-02-2023,33,2,41.5,Yellow,Dark
S_1268,06-07-2025,33,4,9.5,Blue,Light
S_1269,13-03-2023,13,6,41.5,Voilet,Light
S_1270,18-06-2024,22,5,25.5,Pink,Light
S_1271,20-09-2020,23,1,25.5,Yellow,Dark
S_1272,05-11-2021,25,3,17.5,Pink,Dark
S_1273,07-12-2020,30,8,41.5,Green,Medium
S_1274,13-08-2024,37,2,25.5,Voilet,Light
S_1275,27-10-2020,39,6,33.5,Red,Dark
S_1276,16-06-2025,35,2,25.5,Blue,Light
S_1277,25-07-2021,36,5,9.5,Green,Medium
S_1278,03-08-2020,3,2,41.5,Pink,Dark
S_1279,07-11-2022,16,5,33.5,Red,Dark
S_1280,13-07-2025,39,5,25.5,Red,Dark
S_1281,03-11-2022,23,7,41.5,Red,Light
S_1282,28-02-2023,40,3,33.5,Voilet,Light
S_1283,25-08-2022,14,2,25.5,Orange,Light
S_1284,02-04-2022,17,5,9.5,Red,Dark
S_1285,31-07-2023,15,7,9.5,Red,Light
S_1286,20-08-2023,46,7,17.5,Yellow,Medium
S_1287,16-02-2020,45,1,25.5,Pink,Light
S_1288,23-03-2020,25,8,17.5,Pink,Dark
S_1289,28-08-2025,19,3,9.5,Orange,Dark
S_1290,05-01-2025,9,7,17.5,Orange,Light
S_1291,21-12-2023,22,7,33.5,Yellow,Dark
S_1292,24-02-2020,14,6,41.5,Voilet,Dark
S_1293,26-11-2022,2,5,33.5,Yellow,Light
S_1294,04-10-2021,5,3,17.5,Pink,Dark
S_1295,14-12-2024,21,3,9.5,Blue,Medium
S_1296,16-01-2025,20,8,41.5,Voilet,Medium
S_1297,11-02-2020,45,7,9.5,Blue,Dark
S_1298,31-12-2020,21,2,41.5,Blue,Light
S_1299,17-09-2022,26,8,25.5,Blue,Dark
S_1300,23-02-2024,14,6,17.5,Blue,Light
S_1301,16-07-2021,0,1,9.5,Yellow,Medium
S_1302,30-03-2025,50,7,9.5,Green,Medium
S_1303,24-12-2022,35,7,33.5,Blue,Light
S_1304,17-03-2020,35,5,41.5,Voilet,Medium
S_1305,22-06-2022,20,8,17.5,Orange,Medium
S_1306,12-02-2024,40,5,33.5,Green,Dark
S_1307,19-07-2024,36,4,25.5,Pink,Dark
S_1308,18-10-2022,7,7,41.5,Voilet,Medium
S_1309,07-01-2023,50,6,9.5,Yellow,Dark
S_1310,08-05-2021,43,6,41.5,Voilet,Light
S_1311,07-11-2025,43,6,17.5,Blue,Dark
S_1312,23-01-2022,6,5,33.5,Red,Light
S_1313,29-10-2022,19,2,25.5,Green,Light
S_1314,06-09-2022,33,1,9.5,Pink,Medium
S_1315,26-04-2024,40,1,25.5,Green,Medium
S_1316,04-07-2025,28,4,25.5,Pink,Medium
S_1317,11-10-2022,2,3,9.5,Voilet,Light
S_1318,15-08-2024,8,3,25.5,Pink,Dark
S_1319,26-12-2022,27,5,9.5,Blue,Dark
S_1320,16-09-2023,45,4,41.5,Voilet,Dark
S_1321,12-10-2021,30,4,17.5,Voilet,Dark
S_1322,12-05-2021,8,4,33.5,Pink,Medium
S_1323,23-05-2020,47,7,33.5,Voilet,Medium
S_1324,18-04-2023,10,4,41.5,Pink,Medium
S_1325,12-06-2020,9,1,41.5,Blue,Light
S_1326,31-03-2024,6,3,25.5,Blue,Dark
S_1327,12-07-2022,34,5,33.5,Green,Dark
S_1328,25-11-2020,49,3,33.5,Orange,Dark
S_1329,20-02-2024,7,7,41.5,Orange,Light
S_1330,24-06-2022,43,1,41.5,Yellow,Dark
S_1331,25-10-2024,38,8,17.5,Yellow,Light
S_1332,29-12-2020,29,6,9.5,Orange,Light
S_1333,07-11-2025,44,8,17.5,Red,Dark
S_1334,28-08-2024,25,2,17.5,Voilet,Dark
S_1335,14-09-2025,2,5,41.5,Orange,Dark
S_1336,25-08-2022,8,1,33.5,Green,Light
S_1337,02-03-2020,44,7,33.5,Red,Medium
S_1338,28-04-2020,44,4,9.5,Pink,Light
S_1339,05-03-2020,19,6,25.5,Red,Dark
S_1340,11-03-2022,32,1,41.5,Yellow,Light
S_1341,27-10-2024,34,1,25.5,Green,Medium
S_1342,13-11-2022,44,7,25.5,Pink,Medium
S_1343,01-03-2023,19,3,33.5,Yellow,Medium
S_1344,15-06-2024,30,3,33.5,Pink,Light
S_1345,13-12-2021,15,1,25.5,Yellow,Dark
S_1346,04-01-2023,33,3,41.5,Voilet,Light
S_1347,19-08-2025,15,6,41.5,Red,Light
S_1348,12-02-2023,21,4,33.5,Yellow,Light
S_1349,30-04-2024,42,3,25.5,Orange,Dark
S_1350,01-12-2025,33,1,17.5,Green,Medium
S_1351,03-07-2022,25,1,41.5,Pink,Light
S_1352,08-04-2024,21,3,41.5,Voilet,Dark
S_1353,29-11-2021,4,6,41.5,Green,Medium
S_1354,01-05-2020,41,2,25.5,Voilet,Light
S_1355,01-12-2022,0,5,25.5,Orange,Dark
S_1356,17-07-2023,34,5,17.5,Yellow,Light
S_1357,25-06-2022,20,2,33.5,Green,Light
S_1358,17-12-2023,1,1,33.5,Voilet,Medium
S_1359,05-12-2023,14,1,25.5,Yellow,Light
S_1360,17-07-2022,40,6,41.5,Pink,Light
S_1361,24-05-2020,50,6,41.5,Pink,Light
S_1362,17-04-2023,1,3,17.5,Blue,Medium
S_1363,17-06-2023,35,6,25.5,Green,Medium
S_1364,16-03-2021,40,5,9.5,Pink,Medium
S_1365,11-08-2024,35,4,41.5,Green,Light
S_1366,14-08-2024,39,4,9.5,Voilet,Light
S_1367,17-11-2022,1,1,9.5,Orange,Dark
S_1368,02-02-2021,17,1,25.5,Pink,Medium
S_1369,22-07-2023,33,7,33.5,Blue,Light
S_1370,19-02-2021,45,4,17.5,Pink,Dark
S_1371,01-04-2025,50,2,9.5,Red,Dark
S_1372,19-10-2024,6,4,41.5,Yellow,Light
S_1373,11-10-2022,30,3,25.5,Blue,Medium
S_1374,28-03-2025,21,1,9.5,Yellow,Light
S_1375,04-10-2020,3,4,33.5,Voilet,Medium
S_1376,01-09-2022,9,1,17.5,Red,Medium
S_1377,05-03-2024,40,8,17.5,Pink,Light
S_1378,15-07-2020,49,7,9.5,Voilet,Light
S_1379,12-10-2023,7,3,17.5,Green,Light
S_1380,07-09-2020,29,2,41.5,Pink,Medium
S_1381,12-10-2023,16,3,33.5,Blue,Medium
S_1382,10-08-2021,38,1,41.5,Red,Light
S_1383,01-10-2022,13,6,33.5,Red,Dark
S_1384,22-09-2023,45,6,9.5,Red,Dark
S_1385,03-12-2021,44,2,9.5,Voilet,Light
S_1386,23-12-2024,4,8,17.5,Pink,Medium
S_1387,03-06-2022,20,3,33.5,Red,Dark
S_1388,17-10-2022,18,3,33.5,Blue,Medium
S_1389,26-06-2022,48,7,17.5,Orange,Medium
S_1390,25-04-2021,49,2,17.5,Red,Dark
S_1391,11-08-2021,8,2,17.5,Green,Dark
S_1392,03-01-2021,25,4,41.5,Pink,Light
S_1393,26-10-2022,5,3,17.5,Voilet,Dark
S_1394,22-07-2021,14,2,33.5,Voilet,Dark
S_1395,04-02-2025,37,1,41.5,Yellow,Medium
S_1396,11-03-2022,40,4,41.5,Voilet,Light
S_1397,28-11-2023,33,3,9.5,Green,Medium
S_1398,02-12-2024,6,4,17.5,Voilet,Light
S_1399,01-03-2022,6,1,33.5,Blue,Light
S_1400,25-03-2025,18,3,25.5,Blue,Medium
S_1401,16-10-2023,20,2,25.5,Pink,Dark
S_1402,08-07-2020,40,1,41.5,Pink,Light
S_1403,24-02-2023,40,3,41.5,Blue,Medium
S_1404,10-01-2023,4,5,17.5,Yellow,Medium
S_1405,03-06-2024,42,7,17.5,Pink,Dark
S_1406,18-01-2023,48,1,25.5,Orange,Light
S_1407,22-06-2022,7,2,17.5,Blue,Dark
S_1408,22-12-2020,14,5,17.5,Voilet,Medium
S_1409,29-03-2020,44,6,25.5,Yellow,Dark
S_1410,24-04-2020,49,1,9.5,Orange,Light
S_1411,02-01-2020,13,5,25.5,Green,Medium
S_1412,10-01-2021,1,3,41.5,Voilet,Light
S_1413,27-12-2025,7,2,33.5,Red,Medium
S_1414,02-12-2023,0,1,25.5,Blue,Dark
S_1415,31-12-2024,17,4,17.5,Yellow,Light
S_1416,26-08-2024,36,8,25.5,Voilet,Medium
S_1417,04-01-2024,19,7,9.5,Orange,Dark
S_1418,04-05-2022,50,8,9.5,Orange,Dark
S_1419,14-06-2021,8,8,25.5,Red,Light
S_1420,04-02-2022,37,8,25.5,Voilet,Light
S_1421,13-09-2020,10,5,25.5,Yellow,Medium
S_1422,07-10-2024,36,3,33.5,Voilet,Dark
S_1423,15-03-2020,30,8,41.5,Orange,Dark
S_1424,26-01-2024,21,3,17.5,Voilet,Dark
S_1425,09-09-2020,32,2,17.5,Yellow,Dark
S_1426,26-12-2025,41,8,9.5,Yellow,Medium
S_1427,16-04-2024,39,3,33.5,Blue,Light
S_1428,22-11-2024,15,3,33.5,Blue,Dark
S_1429,03-06-2025,10,8,9.5,Red,Light
S_1430,05-10-2021,12,6,17.5,Red,Medium
S_1431,25-07-2020,47,6,17.5,Orange,Light
S_1432,08-05-2021,0,7,25.5,Orange,Medium
S_1433,03-04-2021,13,5,17.5,Orange,Medium
S_1434,17-08-2022,15,6,41.5,Red,Dark
S_1435,21-12-2024,7,1,33.5,Orange,Light
S_1436,14-01-2025,31,8,41.5,Green,Dark
S_1437,12-07-2020,47,7,9.5,Pink,Dark
S_1438,20-03-2024,37,5,9.5,Voilet,Dark
S_1439,04-05-2023,15,3,33.5,Pink,Dark
S_1440,19-06-2023,35,2,41.5,Voilet,Light
S_1441,23-10-2022,32,3,17.5,Green,Light
S_1442,21-11-2025,45,2,41.5,Green,Light
S_1443,03-09-2021,42,8,41.5,Green,Medium
S_1444,12-11-2024,21,7,33.5,Green,Medium
S_1445,21-12-2020,6,3,41.5,Blue,Medium
S_1446,14-07-2024,50,5,25.5,Voilet,Medium
S_1447,13-09-2023,44,6,33.5,Green,Light
S_1448,18-06-2022,26,2,41.5,Orange,Medium
S_1449,20-06-2024,16,1,25.5,Orange,Light
S_1450,11-10-2022,43,6,33.5,Green,Dark
S_1451,27-08-2021,24,5,25.5,Blue,Light
S_1452,14-12-2023,42,5,17.5,Orange,Light
S_1453,09-04-2020,17,4,17.5,Blue,Medium
S_1454,20-06-2022,14,5,41.5,Orange,Light
S_1455,31-08-2025,38,5,17.5,Yellow,Dark
S_1456,08-10-2020,11,6,41.5,Green,Dark
S_1457,20-03-2021,12,3,9.5,Red,Dark
S_1458,21-03-2024,6,6,41.5,Orange,Medium
S_1459,19-03-2021,1,8,9.5,Red,Medium
S_1460,30-11-2024,28,7,41.5,Voilet,Medium
S_1461,17-06-2020,0,3,33.5,Yellow,Light
S_1462,06-06-2023,32,8,25.5,Yellow,Light
S_1463,06-06-2020,23,3,41.5,Orange,Dark
S_1464,21-09-2025,9,7,33.5,Red,Medium
S_1465,06-03-2020,13,8,41.5,Pink,Medium
S_1466,24-02-2023,37,8,17.5,Green,Light
S_1467,09-04-2024,44,1,9.5,Green,Light
S_1468,26-06-2023,4,6,25.5,Green,Light
S_1469,25-10-2023,12,5,17.5,Red,Medium
S_1470,30-09-2023,24,8,33.5,Pink,Medium
S_1471,30-07-2022,5,1,25.5,Yellow,Light
S_1472,26-04-2021,8,4,33.5,Green,Medium
S_1473,04-09-2022,3,1,9.5,Green,Light
S_1474,17-06-2022,21,7,17.5,Pink,Dark
S_1475,19-06-2020,9,3,17.5,Green,Medium
S_1476,08-11-2025,50,7,9.5,Voilet,Dark
S_1477,07-03-2022,11,2,9.5,Blue,Medium
S_1478,20-02-2023,17,7,17.5,Pink,Medium
S_1479,24-05-2025,42,8,25.5,Orange,Light
S_1480,19-04-2020,13,1,9.5,Pink,Medium
S_1481,16-10-2020,41,6,25.5,Red,Light
S_1482,14-06-2021,0,6,17.5,Red,Light
S_1483,30-12-2022,16,4,41.5,Yellow,Light
S_1484,18-07-2022,27,2,41.5,Green,Light
S_1485,04-07-2025,5,4,33.5,Red,Medium
S_1486,13-05-2022,23,3,17.5,Voilet,Medium
S_1487,04-03-2021,21,5,33.5,Green,Dark
S_1488,21-09-2025,42,7,33.5,Yellow,Dark
S_1489,09-08-2020,15,6,17.5,Pink,Light
S_1490,19-11-2024,25,7,33.5,Yellow,Medium
S_1491,04-12-2020,19,3,25.5,Voilet,Medium
S_1492,03-06-2021,0,1,25.5,Green,Dark
S_1493,22-10-2021,35,7,9.5,Red,Medium
S_1494,01-12-2023,2,5,25.5,Yellow,Light
S_1495,01-08-2023,21,4,41.5,Blue,Dark
S_1496,09-12-2022,29,8,25.5,Pink,Light
S_1497,20-05-2024,19,6,17.5,Voilet,Medium
S_1498,11-07-2025,41,8,25.5,Pink,Light
S_1499,24-12-2025,25,3,33.5,Yellow,Dark
S_1500,08-03-2024,10,8,17.5,Pink,Light
S_1501,15-09-2020,46,5,9.5,Voilet,Medium
S_1502,04-01-2025,38,2,17.5,Pink,Light
S_1503,26-07-2025,47,1,9.5,Voilet,Medium
S_1504,08-07-2024,16,6,33.5,Orange,Dark
S_1505,12-05-2024,0,7,33.5,Pink,Medium
S_1506,04-12-2022,20,4,41.5,Pink,Light
S_1507,24-09-2022,42,2,25.5,Red,Light
S_1508,29-06-2024,26,3,25.5,Yellow,Dark
S_1509,19-05-2023,31,2,17.5,Voilet,Light
S_1510,21-09-2022,42,7,17.5,Blue,Medium
S_1511,29-03-2020,8,6,33.5,Pink,Dark
S_1512,02-03-2023,8,2,25.5,Pink,Light
S_1513,22-04-2023,43,5,17.5,Orange,Dark
S_1514,23-04-2022,20,8,25.5,Yellow,Light
S_1515,13-11-2020,15,5,33.5,Pink,Dark
S_1516,13-11-2022,30,2,25.5,Red,Dark
S_1517,02-11-2022,12,3,33.5,Orange,Light
S_1518,20-09-2021,47,2,33.5,Blue,Medium
S_1519,18-04-2025,14,6,33.5,Yellow,Light
S_1520,07-08-2021,4,1,33.5,Green,Medium
S_1521,06-12-2025,6,8,17.5,Pink,Medium
S_1522,28-05-2021,23,4,41.5,Voilet,Medium
S_1523,12-12-2024,45,3,9.5,Red,Dark
S_1524,28-02-2020,48,1,9.5,Pink,Light
S_1525,07-07-2021,28,4,33.5,Yellow,Medium
S_1526,22-04-2020,18,6,25.5,Red,Light
S_1527,28-07-2020,1,3,9.5,Pink,Dark
S_1528,16-01-2021,42,8,33.5,Pink,Light
S_1529,08-01-2020,38,3,33.5,Yellow,Light
S_1530,11-06-2024,46,5,25.5,Pink,Light
S_1531,13-04-2020,23,6,9.5,Pink,Dark
S_1532,14-06-2025,11,5,41.5,Voilet,Medium
S_1533,28-01-2021,24,3,9.5,Yellow,Medium
S_1534,05-12-2022,31,6,17.5,Yellow,Medium
S_1535,29-06-2022,7,4,25.5,Yellow,Dark
S_1536,21-10-2024,47,8,9.5,Voilet,Medium
S_1537,16-03-2024,36,5,33.5,Red,Dark
S_1538,03-11-2022,10,8,41.5,Voilet,Dark
S_1539,01-11-2025,41,7,17.5,Green,Medium
S_1540,20-12-2021,37,2,17.5,Orange,Light
S_1541,05-01-2024,47,5,33.5,Red,Dark
S_1542,14-06-2022,11,4,17.5,Green,Dark
S_1543,18-04-2025,14,1,9.5,Voilet,Dark
S_1544,01-09-2020,13,5,41.5,Red,Medium
S_1545,07-12-2022,36,6,9.5,Yellow,Light
S_1546,01-02-2022,13,6,25.5,Orange,Dark
S_1547,21-03-2023,42,1,25.5,Red,Medium
S_1548,31-10-2025,25,3,33.5,Yellow,Dark
S_1549,22-06-2023,47,3,17.5,Pink,Medium
S_1550,09-02-2023,20,1,25.5,Blue,Medium
S_1551,27-06-2023,39,4,41.5,Blue,Light
S_1552,29-07-2020,28,4,17.5,Orange,Dark
S_1553,15-03-2022,7,1,17.5,Blue,Light
S_1554,08-03-2023,45,7,33.5,Yellow,Dark
S_1555,03-05-2023,15,2,25.5,Orange,Dark
S_1556,26-05-2020,10,3,25.5,Green,Light
S_1557,25-02-2021,21,2,33.5,Green,Light
S_1558,10-01-2022,34,4,9.5,Orange,Medium
S_1559,09-01-2023,11,2,33.5,Voilet,Dark
S_1560,29-04-2024,22,5,17.5,Orange,Dark
S_1561,02-09-2024,22,6,9.5,Pink,Light
S_1562,23-08-2020,43,2,25.5,Green,Medium
S_1563,30-03-2025,12,3,17.5,Green,Medium
S_1564,25-04-2024,7,6,41.5,Red,Dark
S_1565,17-09-2020,39,8,25.5,Green,Light
S_1566,29-07-2024,38,6,25.5,Blue,Medium
S_1567,11-11-2021,42,5,17.5,Yellow,Dark
S_1568,01-04-2020,46,2,33.5,Voilet,Medium
S_1569,16-12-2024,0,6,25.5,Blue,Dark
S_1570,21-01-2022,17,6,25.5,Orange,Medium
S_1571,17-07-2020,39,5,33.5,Pink,Light
S_1572,09-05-2021,33,8,17.5,Blue,Medium
S_1573,07-03-2021,29,4,33.5,Green,Dark
S_1574,15-12-2024,13,8,17.5,Yellow,Light
S_1575,18-03-2022,7,7,41.5,Orange,Dark
S_1576,31-12-2020,38,2,17.5,Voilet,Light
S_1577,27-06-2021,12,8,25.5,Pink,Medium
S_1578,13-12-2020,29,6,17.5,Pink,Medium
S_1579,03-06-2020,5,4,33.5,Blue,Dark
S_1580,14-06-2024,15,5,17.5,Yellow,Light
S_1581,13-04-2023,8,5,17.5,Orange,Dark
S_1582,09-03-2025,33,3,25.5,Orange,Medium
S_1583,22-09-2021,30,2,17.5,Green,Light
S_1584,31-01-2022,3,4,33.5,Red,Light
S_1585,15-03-2024,2,3,17.5,Red,Medium
S_1586,25-06-2023,28,1,17.5,Blue,Light
S_1587,22-06-2025,11,2,41.5,Pink,Dark
S_1588,30-08-2023,14,8,25.5,Red,Dark
S_1589,23-01-2022,32,6,9.5,Blue,Light
S_1590,12-03-2025,26,8,17.5,Green,Medium
S_1591,02-02-2023,40,8,17.5,Yellow,Dark
S_1592,30-03-2025,26,1,41.5,Green,Dark
S_1593,18-10-2021,34,2,25.5,Pink,Dark
S_1594,03-01-2023,36,7,33.5,Yellow,Dark
S_1595,01-12-2020,9,4,17.5,Pink,Dark
S_1596,13-07-2025,36,2,25.5,Voilet,Dark
S_1597,28-10-2025,47,4,17.5,Red,Light
S_1598,10-07-2021,2,1,9.5,Pink,Light
S_1599,28-01-2024,26,1,33.5,Orange,Medium
S_1600,20-05-2023,12,3,9.5,Yellow,Light
S_1601,18-11-2021,41,5,33.5,Red,Light
S_1602,01-01-2023,45,7,17.5,Blue,Dark
S_1603,11-07-2021,36,5,9.5,Orange,Dark
S_1604,05-03-2020,33,5,17.5,Blue,Medium
S_1605,03-03-2022,37,7,25.5,Blue,Light
S_1606,05-09-2022,44,1,33.5,Red,Medium
S_1607,10-10-2023,40,1,25.5,Red,Dark
S_1608,29-01-2024,4,5,9.5,Red,Light
S_1609,12-11-2025,47,8,41.5,Red,Light
S_1610,31-05-2021,3,8,25.5,Pink,Dark
S_1611,15-08-2024,19,4,33.5,Blue,Medium
S_1612,05-07-2023,44,1,33.5,Pink,Medium
S_1613,09-11-2025,43,8,33.5,Red,Medium
S_1614,06-04-2020,20,8,9.5,Red,Medium
S_1615,23-04-2023,17,2,17.5,Orange,Medium
S_1616,18-09-2021,44,8,17.5,Green,Dark
S_1617,05-03-2021,11,1,41.5,Green,Medium
S_1618,15-05-2025,45,1,25.5,Voilet,Light
S_1619,26-10-2021,11,7,9.5,Red,Dark
S_1620,05-09-2023,21,2,33.5,Pink,Medium
S_1621,16-01-2021,43,8,41.5,Voilet,Light
S_1622,09-08-2024,2,8,25.5,Green,Dark
S_1623,24-05-2020,4,1,17.5,Orange,Light
S_1624,29-11-2025,49,7,9.5,Orange,Dark
S_1625,05-11-2024,42,1,25.5,Yellow,Light
S_1626,25-09-2023,22,2,33.5,Voilet,Medium
S_1627,25-03-2023,36,4,25.5,Voilet,Light
S_1628,08-03-2025,27,8,9.5,Blue,Medium
S_1629,22-12-2023,38,3,17.5,Green,Medium
S_1630,07-12-2024,49,8,25.5,Voilet,Dark
S_1631,07-04-2021,23,4,33.5,Yellow,Medium
S_1632,07-11-2024,4,3,25.5,Blue,Medium
S_1633,07-02-2022,2,4,33.5,Pink,Medium
S_1634,09-09-2025,42,7,9.5,Yellow,Medium
S_1635,20-01-2024,35,5,17.5,Orange,Light
S_1636,05-11-2021,42,6,25.5,Yellow,Dark
S_1637,26-12-2024,15,6,41.5,Yellow,Medium
S_1638,16-07-2025,0,8,25.5,Red,Medium
S_1639,25-12-2020,12,2,25.5,Red,Medium
S_1640,30-06-2022,50,1,33.5,Yellow,Light
S_1641,10-07-2025,4,6,41.5,Green,Medium
S_1642,21-08-2023,21,4,25.5,Blue,Medium
S_1643,22-09-2024,20,8,41.5,Voilet,Medium
S_1644,24-12-2025,22,3,33.5,Voilet,Medium
S_1645,20-01-2021,8,6,9.5,Green,Light
S_1646,02-08-2022,23,5,17.5,Green,Medium
S_1647,14-01-2022,15,6,41.5,Yellow,Dark
S_1648,07-03-2025,35,6,9.5,Green,Medium
S_1649,21-09-2024,18,2,33.5,Yellow,Dark
S_1650,18-11-2023,43,7,25.5,Pink,Medium
S_1651,30-12-2020,11,1,41.5,Blue,Light
S_1652,18-06-2020,37,8,25.5,Green,Medium
S_1653,02-07-2023,14,3,41.5,Blue,Medium
S_1654,15-12-2025,5,8,25.5,Red,Dark
S_1655,28-06-2021,23,2,17.5,Orange,Dark
S_1656,11-06-2022,12,1,25.5,Blue,Light
S_1657,12-01-2025,39,1,25.5,Blue,Medium
S_1658,19-11-2024,37,4,25.5,Green,Dark
S_1659,01-03-2020,24,2,9.5,Blue,Medium
S_1660,20-12-2024,6,5,33.5,Green,Light
S_1661,14-10-2023,13,4,25.5,Voilet,Light
S_1662,28-06-2020,28,6,41.5,Orange,Dark
S_1663,23-03-2020,14,5,25.5,Voilet,Dark
S_1664,24-07-2022,10,3,33.5,Pink,Dark
S_1665,16-05-2023,38,1,9.5,Orange,Light
S_1666,27-07-2021,40,5,9.5,Voilet,Dark
S_1667,18-10-2022,37,5,33.5,Pink,Dark
S_1668,30-01-2023,48,3,9.5,Orange,Light
S_1669,01-07-2025,38,1,33.5,Green,Light
S_1670,06-01-2025,24,3,17.5,Orange,Medium
S_1671,19-05-2021,39,4,17.5,Voilet,Dark
S_1672,02-10-2022,31,8,9.5,Red,Dark
S_1673,04-10-2020,12,3,25.5,Blue,Dark
S_1674,18-05-2024,26,1,25.5,Pink,Medium
S_1675,15-05-2024,13,4,41.5,Red,Dark
S_1676,13-01-2023,27,4,9.5,Green,Medium
S_1677,30-11-2025,25,6,41.5,Orange,Medium
S_1678,28-09-2021,29,7,33.5,Yellow,Medium
S_1679,24-04-2021,17,1,17.5,Red,Dark
S_1680,01-07-2020,15,5,17.5,Red,Medium
S_1681,06-04-2020,3,6,9.5,Yellow,Dark
S_1682,17-07-2021,22,6,17.5,Blue,Dark
S_1683,16-04-2024,16,2,25.5,Yellow,Medium
S_1684,23-10-2023,38,8,41.5,Orange,Medium
S_1685,30-06-2024,0,4,33.5,Green,Dark
S_1686,15-12-2025,8,2,25.5,Green,Medium
S_1687,07-09-2023,3,1,17.5,Yellow,Medium
S_1688,16-12-2022,17,3,25.5,Voilet,Medium
S_1689,27-02-2025,39,7,33.5,Blue,Dark
S_1690,25-01-2022,15,6,41.5,Red,Light
S_1691,25-10-2021,41,7,41.5,Orange,Light
S_1692,11-05-2025,2,1,33.5,Yellow,Light
S_1693,22-05-2021,11,8,25.5,Yellow,Medium
S_1694,12-02-2020,37,1,41.5,Yellow,Dark
S_1695,20-07-2021,28,7,9.5,Green,Light
S_1696,02-09-2022,48,2,25.5,Pink,Dark
S_1697,29-09-2023,6,7,9.5,Pink,Medium
S_1698,09-07-2025,18,4,9.5,Yellow,Dark
S_1699,05-08-2025,41,5,17.5,Red,Light
S_1700,04-05-2022,11,4,9.5,Red,Light
S_1701,03-11-2024,40,2,9.5,Yellow,Medium
S_1702,22-11-2020,34,8,9.5,Voilet,Light
S_1703,27-06-2020,34,6,25.5,Red,Dark
S_1704,24-03-2020,49,1,33.5,Voilet,Light
S_1705,25-09-2023,4,5,25.5,Orange,Light
S_1706,05-04-2021,42,5,25.5,Blue,Medium
S_1707,20-11-2020,12,6,17.5,Red,Medium
S_1708,29-09-2024,15,8,9.5,Blue,Medium
S_1709,01-11-2024,35,8,17.5,Pink,Dark
S_1710,16-11-2020,46,3,9.5,Orange,Dark
S_1711,03-01-2020,25,3,17.5,Green,Medium
S_1712,21-03-2023,38,6,33.5,Green,Medium
S_1713,16-07-2025,20,2,25.5,Blue,Light
S_1714,12-09-2025,48,1,25.5,Voilet,Dark
S_1715,08-10-2020,50,3,9.5,Green,Light
S_1716,10-01-2024,33,7,41.5,Yellow,Light
S_1717,20-10-2022,47,4,9.5,Green,Light
S_1718,01-01-2025,14,7,25.5,Yellow,Medium
S_1719,20-03-2023,2,4,41.5,Yellow,Dark
S_1720,02-12-2020,23,7,41.5,Voilet,Medium
S_1721,22-07-2024,28,4,33.5,Voilet,Light
S_1722,26-02-2025,4,6,17.5,Yellow,Light
S_1723,08-12-2025,40,2,33.5,Green,Medium
S_1724,17-04-2024,1,4,9.5,Red,Medium
S_1725,28-06-2022,40,6,33.5,Voilet,Medium
S_1726,30-06-2023,30,7,9.5,Pink,Light
S_1727,29-02-2020,33,6,17.5,Green,Dark
S_1728,12-09-2020,12,1,25.5,Voilet,Medium
S_1729,04-07-2021,10,7,9.5,Blue,Light
S_1730,28-01-2021,0,2,17.5,Yellow,Dark
S_1731,16-10-2025,16,8,25.5,Orange,Dark
S_1732,07-03-2025,30,4,9.5,Yellow,Medium
S_1733,22-01-2021,15,8,33.5,Red,Medium
S_1734,28-06-2022,22,7,41.5,Green,Medium
S_1735,29-02-2020,29,6,9.5,Orange,Medium
S_1736,28-05-2025,38,4,41.5,Green,Dark
S_1737,22-02-2020,31,5,17.5,Voilet,Light
S_1738,29-06-2020,43,8,25.5,Orange,Light
S_1739,18-02-2021,6,6,9.5,Red,Dark
S_1740,06-03-2020,8,1,25.5,Voilet,Light
S_1741,12-06-2025,33,8,17.5,Red,Light
S_1742,25-10-2023,42,5,9.5,Blue,Medium
S_1743,05-03-2023,50,2,33.5,Pink,Dark
S_1744,28-07-2023,39,5,17.5,Red,Dark
S_1745,09-11-2022,32,8,33.5,Red,Dark
S_1746,27-09-2021,18,6,33.5,Blue,Dark
S_1747,13-04-2020,33,3,9.5,Pink,Dark
S_1748,15-08-2023,44,8,9.5,Voilet,Light
S_1749,27-08-2021,36,6,17.5,Pink,Light
S_1750,08-08-2024,33,2,25.5,Pink,Dark
S_1751,22-06-2021,21,6,9.5,Voilet,Medium
S_1752,18-05-2022,22,1,9.5,Pink,Light
S_1753,20-02-2023,22,6,25.5,Orange,Light
S_1754,18-01-2025,20,8,25.5,Orange,Medium
S_1755,23-05-2020,45,7,17.5,Voilet,Medium
S_1756,23-09-2021,29,4,25.5,Blue,Dark
S_1757,13-04-2023,8,5,41.5,Orange,Dark
S_1758,18-09-2022,44,3,25.5,Orange,Dark
S_1759,03-04-2021,22,3,41.5,Orange,Light
S_1760,21-03-2021,40,2,25.5,Voilet,Medium
S_1761,17-03-2020,11,7,33.5,Green,Light
S_1762,21-11-2023,7,4,33.5,Yellow,Light
S_1763,10-08-2024,32,3,9.5,Orange,Light
S_1764,16-09-2024,38,4,41.5,Pink,Medium
S_1765,29-08-2021,44,2,41.5,Green,Medium
S_1766,30-09-2022,22,1,41.5,Pink,Medium
S_1767,04-04-2024,38,8,17.5,Orange,Dark
S_1768,30-08-2024,35,2,41.5,Green,Light
S_1769,25-09-2022,50,2,41.5,Red,Dark
S_1770,29-06-2023,39,8,9.5,Pink,Medium
S_1771,13-03-2022,46,7,33.5,Green,Light
S_1772,24-07-2022,17,5,25.5,Green,Light
S_1773,26-01-2024,39,4,9.5,Orange,Light
S_1774,31-12-2022,28,3,17.5,Red,Light
S_1775,04-08-2025,46,4,25.5,Blue,Dark
S_1776,29-10-2021,23,3,25.5,Yellow,Dark
S_1777,28-06-2024,19,4,17.5,Yellow,Medium
S_1778,18-10-2023,33,2,9.5,Voilet,Dark
S_1779,08-10-2025,23,8,17.5,Orange,Light
S_1780,06-09-2022,25,1,41.5,Pink,Dark
S_1781,14-08-2021,42,5,33.5,Green,Light
S_1782,31-10-2024,31,4,33.5,Pink,Dark
S_1783,25-01-2021,22,7,9.5,Voilet,Medium
S_1784,03-01-2022,49,7,9.5,Red,Dark
S_1785,21-05-2024,15,5,41.5,Blue,Dark
S_1786,27-08-2020,3,8,33.5,Red,Medium
S_1787,10-11-2021,49,5,41.5,Pink,Light
S_1788,20-12-2023,4,4,25.5,Blue,Medium
S_1789,28-04-2021,10,6,41.5,Blue,Dark
S_1790,05-02-2022,21,1,41.5,Yellow,Light
S_1791,20-01-2021,12,4,9.5,Pink,Light
S_1792,04-11-2023,48,5,17.5,Red,Light
S_1793,03-03-2024,48,5,33.5,Yellow,Dark
S_1794,14-12-2023,24,4,25.5,Orange,Light
S_1795,25-12-2021,1,8,25.5,Voilet,Dark
S_1796,29-10-2022,47,2,9.5,Green,Light
S_1797,30-06-2020,32,3,33.5,Blue,Dark
S_1798,24-10-2021,32,5,9.5,Yellow,Dark
S_1799,04-03-2023,26,3,33.5,Green,Medium
S_1800,24-04-2020,13,8,9.5,Green,Dark
S_1801,16-08-2021,47,5,41.5,Green,Medium
S_1802,28-02-2024,46,6,25.5,Green,Medium
S_1803,08-05-2022,22,3,17.5,Yellow,Medium
S_1804,14-01-2021,31,2,9.5,Blue,Medium
S_1805,01-06-2023,0,7,25.5,Blue,Dark
S_1806,18-01-2024,43,2,17.5,Red,Medium
S_1807,04-05-2025,6,3,9.5,Yellow,Medium
S_1808,21-05-2022,5,6,25.5,Yellow,Medium
S_1809,26-05-2020,13,7,33.5,Pink,Light
S_1810,26-10-2023,45,3,33.5,Yellow,Dark
S_1811,16-11-2020,33,7,17.5,Green,Medium
S_1812,23-11-2024,29,2,17.5,Pink,Light
S_1813,18-02-2024,41,3,9.5,Yellow,Dark
S_1814,27-03-2020,41,3,9.5,Orange,Light
S_1815,20-07-2022,0,8,9.5,Blue,Dark
S_1816,16-10-2021,15,3,17.5,Voilet,Light
S_1817,06-09-2023,5,3,33.5,Blue,Medium
S_1818,25-08-2024,3,3,9.5,Yellow,Dark
S_1819,23-12-2020,45,1,9.5,Orange,Medium
S_1820,29-06-2024,27,1,9.5,Green,Dark
S_1821,21-04-2022,16,1,25.5,Yellow,Dark
S_1822,13-11-2022,44,3,41.5,Green,Light
S_1823,21-10-2024,21,4,25.5,Yellow,Dark
S_1824,27-06-2023,18,4,33.5,Yellow,Medium
S_1825,05-09-2025,46,8,17.5,Orange,Medium
S_1826,28-11-2021,50,3,33.5,Orange,Dark
S_1827,15-12-2022,12,5,17.5,Green,Medium
S_1828,17-01-2025,10,2,33.5,Orange,Light
S_1829,02-01-2022,11,6,25.5,Orange,Light
S_1830,20-03-2020,22,6,17.5,Red,Medium
S_1831,28-07-2025,20,6,9.5,Red,Dark
S_1832,29-02-2024,6,5,25.5,Orange,Medium
S_1833,31-10-2022,26,8,41.5,Pink,Light
S_1834,14-11-2021,49,8,41.5,Green,Medium
S_1835,13-10-2020,1,2,25.5,Blue,Dark
S_1836,20-04-2025,18,6,33.5,Pink,Dark
S_1837,30-04-2020,40,8,17.5,Red,Medium
S_1838,23-04-2022,30,5,17.5,Green,Medium
S_1839,18-07-2021,14,6,41.5,Pink,Light
S_1840,27-12-2020,33,7,17.5,Voilet,Dark
S_1841,03-08-2025,35,4,17.5,Red,Light
S_1842,14-01-2025,6,2,9.5,Yellow,Medium
S_1843,02-05-2025,38,4,33.5,Green,Medium
S_1844,11-01-2022,32,4,41.5,Green,Medium
S_1845,23-08-2020,50,7,17.5,Orange,Medium
S_1846,11-11-2020,48,5,41.5,Yellow,Medium
S_1847,20-08-2023,24,3,17.5,Yellow,Medium
S_1848,02-12-2021,49,8,41.5,Pink,Medium
S_1849,05-10-2023,17,6,41.5,Red,Dark
S_1850,03-08-2025,12,5,41.5,Pink,Light
S_1851,13-01-2021,16,1,25.5,Orange,Dark
S_1852,30-07-2020,30,3,25.5,Orange,Medium
S_1853,21-06-2020,37,5,33.5,Green,Light
S_1854,24-04-2024,9,2,17.5,Voilet,Medium
S_1855,03-07-2021,27,6,41.5,Orange,Dark
S_1856,07-04-2025,6,5,41.5,Pink,Dark
S_1857,23-01-2022,25,4,41.5,Yellow,Light
S_1858,05-01-2022,47,7,9.5,Voilet,Light
S_1859,13-06-2022,44,6,17.5,Blue,Dark
S_1860,11-12-2021,13,2,33.5,Voilet,Dark
S_1861,09-12-2021,19,1,9.5,Red,Light
S_1862,02-07-2023,13,3,9.5,Pink,Medium
S_1863,26-02-2023,19,7,33.5,Red,Light
S_1864,14-03-2021,11,7,25.5,Pink,Light
S_1865,23-04-2023,3,3,25.5,Blue,Medium
S_1866,18-08-2024,15,5,41.5,Blue,Dark
S_1867,22-10-2025,20,1,17.5,Blue,Light
S_1868,20-06-2023,47,4,25.5,Pink,Medium
S_1869,19-10-2020,1,8,33.5,Pink,Medium
S_1870,10-05-2023,32,6,9.5,Voilet,Medium
S_1871,14-01-2023,17,5,25.5,Blue,Medium
S_1872,07-09-2023,33,8,41.5,Pink,Light
S_1873,13-06-2022,34,1,25.5,Yellow,Medium
S_1874,22-07-2021,7,6,25.5,Green,Dark
S_1875,20-07-2024,47,1,17.5,Pink,Medium
S_1876,15-12-2020,14,3,17.5,Yellow,Dark
S_1877,15-07-2023,23,3,25.5,Red,Dark
S_1878,07-12-2023,9,6,33.5,Blue,Light
S_1879,05-03-2020,23,6,41.5,Green,Dark
S_1880,22-10-2022,19,6,41.5,Blue,Medium
S_1881,24-04-2022,25,7,25.5,Red,Medium
S_1882,25-08-2023,20,3,9.5,Green,Medium
S_1883,05-09-2020,45,1,33.5,Voilet,Medium
S_1884,17-07-2024,27,5,17.5,Pink,Light
S_1885,25-08-2022,45,1,41.5,Red,Dark
S_1886,13-07-2023,40,6,33.5,Green,Light
S_1887,05-07-2020,16,1,41.5,Pink,Medium
S_1888,18-07-2021,45,7,9.5,Blue,Light
S_1889,18-05-2024,32,5,41.5,Yellow,Medium
S_1890,24-11-2024,46,4,33.5,Pink,Medium
S_1891,12-10-2025,41,5,9.5,Blue,Light
S_1892,05-05-2025,13,6,41.5,Red,Light
S_1893,14-11-2023,34,5,33.5,Yellow,Dark
S_1894,17-09-2022,46,3,33.5,Voilet,Light
S_1895,13-01-2025,29,6,17.5,Yellow,Light
S_1896,14-01-2023,42,1,9.5,Red,Light
S_1897,02-10-2022,50,3,41.5,Blue,Dark
S_1898,29-08-2021,19,7,33.5,Pink,Medium
S_1899,22-02-2023,6,3,17.5,Yellow,Medium
S_1900,07-06-2023,34,3,9.5,Blue,Dark
S_1901,10-01-2021,7,8,9.5,Voilet,Medium
S_1902,08-10-2024,44,1,17.5,Blue,Light
S_1903,29-07-2022,49,3,33.5,Blue,Dark
S_1904,05-09-2023,38,3,33.5,Orange,Medium
S_1905,10-12-2023,15,6,41.5,Red,Light
S_1906,29-01-2020,13,8,41.5,Red,Light
S_1907,15-02-2025,22,5,25.5,Voilet,Light
S_1908,26-02-2022,10,7,17.5,Green,Medium
S_1909,14-08-2024,43,3,25.5,Yellow,Light
S_1910,12-12-2021,18,2,17.5,Yellow,Medium
S_1911,13-01-2021,20,7,17.5,Blue,Light
S_1912,17-07-2024,24,2,33.5,Green,Light
S_1913,18-11-2020,0,3,17.5,Red,Dark
S_1914,30-04-2025,1,2,17.5,Blue,Dark
S_1915,29-08-2023,39,7,33.5,Green,Medium
S_1916,08-04-2020,25,7,9.5,Blue,Light
S_1917,15-06-2022,42,4,25.5,Green,Light
S_1918,02-09-2024,28,6,25.5,Voilet,Light
S_1919,19-07-2025,49,5,41.5,Red,Dark
S_1920,01-05-2025,13,1,17.5,Blue,Light
S_1921,22-08-2020,14,1,17.5,Red,Light
S_1922,05-02-2020,43,4,25.5,Red,Medium
S_1923,23-03-2020,32,2,9.5,Blue,Medium
S_1924,20-01-2024,25,7,41.5,Green,Medium
S_1925,24-05-2024,18,6,41.5,Voilet,Medium
S_1926,05-02-2023,27,7,17.5,Yellow,Dark
S_1927,25-03-2023,49,6,33.5,Blue,Medium
S_1928,14-05-2021,43,3,41.5,Blue,Light
S_1929,05-06-2022,7,8,25.5,Green,Medium
S_1930,26-03-2025,42,5,33.5,Green,Medium
S_1931,27-09-2022,36,2,9.5,Blue,Medium
S_1932,18-06-2025,28,3,25.5,Pink,Light
S_1933,14-08-2023,12,1,25.5,Yellow,Medium
S_1934,13-02-2023,0,2,9.5,Blue,Light
S_1935,17-09-2025,34,3,9.5,Green,Light
S_1936,18-11-2022,45,4,33.5,Orange,Medium
S_1937,16-06-2022,32,7,17.5,Red,Dark
S_1938,10-06-2025,32,4,17.5,Yellow,Light
S_1939,29-07-2022,31,2,9.5,Red,Medium
S_1940,18-11-2020,3,5,33.5,Orange,Medium
S_1941,11-12-2022,39,8,25.5,Green,Dark
S_1942,20-10-2022,50,2,33.5,Orange,Medium
S_1943,05-06-2024,15,2,9.5,Green,Dark
S_1944,10-10-2020,46,3,25.5,Yellow,Light
S_1945,27-07-2024,24,1,17.5,Orange,Dark
S_1946,24-07-2025,50,8,17.5,Yellow,Medium
S_1947,20-01-2021,7,2,9.5,Blue,Light
S_1948,26-02-2021,20,6,17.5,Pink,Light
S_1949,07-07-2022,33,1,33.5,Voilet,Medium
S_1950,13-02-2020,7,1,25.5,Blue,Light
S_1951,15-04-2022,29,8,17.5,Voilet,Medium
S_1952,27-04-2025,4,6,25.5,Red,Dark
S_1953,22-03-2023,15,1,25.5,Pink,Light
S_1954,07-07-2020,10,5,17.5,Blue,Light
S_1955,07-11-2021,20,8,9.5,Green,Light
S_1956,03-12-2021,25,4,25.5,Voilet,Medium
S_1957,26-03-2025,41,5,25.5,Green,Medium
S_1958,01-04-2025,2,1,41.5,Pink,Light
S_1959,28-12-2023,22,1,9.5,Pink,Dark
S_1960,09-06-2021,44,1,41.5,Green,Dark
S_1961,18-09-2020,13,2,9.5,Orange,Dark
S_1962,28-06-2021,12,5,41.5,Pink,Dark
S_1963,30-12-2024,50,4,9.5,Pink,Dark
S_1964,08-06-2025,26,8,25.5,Pink,Medium
S_1965,29-12-2022,43,3,9.5,Orange,Dark
S_1966,12-07-2023,2,7,33.5,Orange,Light
S_1967,16-10-2023,42,3,9.5,Green,Dark
S_1968,30-01-2025,39,6,25.5,Yellow,Light
S_1969,05-10-2024,15,6,25.5,Voilet,Medium
S_1970,19-05-2024,24,3,25.5,Voilet,Light
S_1971,14-11-2021,14,8,33.5,Pink,Dark
S_1972,11-01-2025,15,7,17.5,Blue,Light
S_1973,10-09-2024,28,6,33.5,Blue,Medium
S_1974,12-01-2024,3,1,33.5,Pink,Dark
S_1975,11-03-2024,16,3,33.5,Green,Light
S_1976,20-12-2024,24,2,25.5,Orange,Medium
S_1977,25-06-2021,19,4,25.5,Yellow,Dark
S_1978,08-06-2025,33,7,17.5,Blue,Light
S_1979,13-11-2020,31,5,17.5,Voilet,Medium
S_1980,10-04-2025,22,6,41.5,Pink,Light
S_1981,03-02-2024,34,3,25.5,Yellow,Dark
S_1982,23-04-2024,1,5,17.5,Yellow,Light
S_1983,18-06-2023,15,6,25.5,Orange,Light
S_1984,24-11-2021,24,4,17.5,Blue,Medium
S_1985,26-03-2025,36,1,9.5,Voilet,Medium
S_1986,08-02-2020,23,2,25.5,Voilet,Light
S_1987,14-04-2025,38,8,9.5,Pink,Dark
S_1988,03-12-2024,46,2,33.5,Voilet,Light
S_1989,28-10-2025,1,6,41.5,Yellow,Dark
S_1990,08-02-2020,50,1,25.5,Orange,Medium
S_1991,08-02-2022,13,5,41.5,Blue,Dark
S_1992,23-10-2025,32,1,41.5,Orange,Dark
S_1993,01-03-2024,41,3,9.5,Orange,Light
S_1994,24-12-2021,37,5,33.5,Voilet,Medium
S_1995,09-09-2021,44,3,9.5,Voilet,Light
S_1996,04-06-2024,41,2,25.5,Pink,Medium
S_1997,17-10-2024,44,1,9.5,Green,Medium
S_1998,01-03-2023,32,3,33.5,Yellow,Medium
S_1999,12-05-2021,25,8,9.5,Voilet,Dark
